Area,Year,Value
Burundi,1901,1087.94498
Burundi,1902,1098.82923
Burundi,1903,1339.63025
Burundi,1904,1196.28061
Burundi,1905,1252.12443
Burundi,1906,1068.97691
Burundi,1907,1197.64843
Burundi,1908,1111.01292
Burundi,1909,891.08963
Burundi,1910,1203.20038
Burundi,1911,1135.16179
Burundi,1912,1365.64406
Burundi,1913,1114.28137
Burundi,1914,1085.13479
Burundi,1915,1121.95215
Burundi,1916,1172.65004
Burundi,1917,1148.42879
Burundi,1918,1046.00827
Burundi,1919,1266.21987
Burundi,1920,1200.52183
Burundi,1921,817.98605
Burundi,1922,877.30753
Burundi,1923,1140.76965
Burundi,1924,1035.75742
Burundi,1925,1318.5731
Burundi,1926,1176.74552
Burundi,1927,1111.77217
Burundi,1928,910.48083
Burundi,1929,1069.42735
Burundi,1930,1366.46777
Burundi,1931,1189.92866
Burundi,1932,1211.89073
Burundi,1933,1110.8087
Burundi,1934,1072.32554
Burundi,1935,1141.23733
Burundi,1936,1260.93047
Burundi,1937,1520.76878
Burundi,1938,1082.17596
Burundi,1939,1144.89918
Burundi,1940,1230.98403
Burundi,1941,1297.18092
Burundi,1942,1169.0837
Burundi,1943,1071.40383
Burundi,1944,1259.10754
Burundi,1945,1130.30498
Burundi,1946,1297.25744
Burundi,1947,1257.00998
Burundi,1948,1094.8462
Burundi,1949,1070.58781
Burundi,1950,1214.13102
Burundi,1951,1403.01071
Burundi,1952,1109.17639
Burundi,1953,1266.95236
Burundi,1954,1086.86072
Burundi,1955,1152.23346
Burundi,1956,1161.53423
Burundi,1957,1261.45784
Burundi,1958,1082.19227
Burundi,1959,1137.62824
Burundi,1960,1090.10864
Burundi,1961,1317.02044
Burundi,1962,1397.47918
Burundi,1963,1533.44584
Burundi,1964,1213.2486
Burundi,1965,1198.87
Burundi,1966,1239.91383
Burundi,1967,1396.56306
Burundi,1968,1325.45344
Burundi,1969,1140.72955
Burundi,1970,1308.43307
Burundi,1971,1351.57452
Burundi,1972,1306.38689
Burundi,1973,1167.70316
Burundi,1974,1219.1078
Burundi,1975,1183.55286
Burundi,1976,1055.39299
Burundi,1977,1380.77551
Burundi,1978,1321.38259
Burundi,1979,1299.1523
Burundi,1980,1182.07848
Burundi,1981,1317.59305
Burundi,1982,1492.77554
Burundi,1983,1219.75636
Burundi,1984,1053.26673
Burundi,1985,1238.05764
Burundi,1986,1262.96373
Burundi,1987,1229.58568
Burundi,1988,1333.57712
Burundi,1989,1241.94121
Burundi,1990,1257.14052
Burundi,1991,1213.51169
Burundi,1992,1162.49496
Burundi,1993,1039.66568
Burundi,1994,1242.5806
Burundi,1995,1123.79806
Burundi,1996,1031.9543
Burundi,1997,1375.55113
Burundi,1998,1258.37195
Burundi,1999,1214.69061
Burundi,2000,1074.31943
Burundi,2001,1359.1521
Burundi,2002,1233.64765
Burundi,2003,1306.0156
Burundi,2004,846.77428
Burundi,2005,1084.35236
Burundi,2006,1334.12446
Burundi,2007,1294.62781
Burundi,2008,1199.31267
Burundi,2009,1252.0258
Burundi,2010,1296.80687
Burundi,2011,1499.2366
Burundi,2012,1010.58292
Burundi,2013,1300.78892
Burundi,2014,1249.46147
Burundi,2015,1318.45245
Comoros,1901,1667.7823
Comoros,1902,1623.9429
Comoros,1903,1845.886
Comoros,1904,1854.224
Comoros,1905,1652.343
Comoros,1906,1886.1605
Comoros,1907,1545.4424
Comoros,1908,1744.3522
Comoros,1909,1869.0901
Comoros,1910,1794.0536
Comoros,1911,1742.5685
Comoros,1912,1841.7027
Comoros,1913,1744.069
Comoros,1914,1698.2193
Comoros,1915,1607.7896
Comoros,1916,2337.9155
Comoros,1917,1657.7048
Comoros,1918,1803.0134
Comoros,1919,1534.4504
Comoros,1920,1796.9555
Comoros,1921,1799.0967
Comoros,1922,1773.0383
Comoros,1923,1775.3421
Comoros,1924,1561.7747
Comoros,1925,1784.2596
Comoros,1926,1709.6644
Comoros,1927,1731.8992
Comoros,1928,1773.8593
Comoros,1929,1668.332
Comoros,1930,1738.71
Comoros,1931,1795.05
Comoros,1932,1725.5904
Comoros,1933,1544.3899
Comoros,1934,2134.6488
Comoros,1935,1338.5541
Comoros,1936,1423.18975
Comoros,1937,2082.7526
Comoros,1938,1347.2225
Comoros,1939,1386.3393
Comoros,1940,1863.60061
Comoros,1941,1608.59465
Comoros,1942,1473.3747
Comoros,1943,1573.2445
Comoros,1944,1327.1843
Comoros,1945,1469.29159
Comoros,1946,1371.30036
Comoros,1947,1557.7376
Comoros,1948,1637.4808
Comoros,1949,1527.3137
Comoros,1950,1454.31031
Comoros,1951,1577.3273
Comoros,1952,1392.21332
Comoros,1953,1273.1983
Comoros,1954,1408.2495
Comoros,1955,1920.51878
Comoros,1956,1974.43824
Comoros,1957,1719.4071
Comoros,1958,1254.9999
Comoros,1959,1452.3059
Comoros,1960,1607.5726
Comoros,1961,2474.9028
Comoros,1962,1761.67477
Comoros,1963,1766.4495
Comoros,1964,1733.95599
Comoros,1965,1987.8078
Comoros,1966,1317.90655
Comoros,1967,1871.9283
Comoros,1968,2004.6637
Comoros,1969,1909.0989
Comoros,1970,1626.6755
Comoros,1971,1690.7352
Comoros,1972,1871.04607
Comoros,1973,2177.2606
Comoros,1974,2254.32646
Comoros,1975,1469.6609
Comoros,1976,1951.75132
Comoros,1977,1599.27191
Comoros,1978,1707.6967
Comoros,1979,1860.23682
Comoros,1980,1982.4881
Comoros,1981,1595.877
Comoros,1982,1972.1875
Comoros,1983,1874.6752
Comoros,1984,1907.24876
Comoros,1985,1432.1027
Comoros,1986,1726.0876
Comoros,1987,1389.3794
Comoros,1988,1844.6616
Comoros,1989,2211.6486
Comoros,1990,1667.84677
Comoros,1991,2216.73221
Comoros,1992,1814.7907
Comoros,1993,1509.8492
Comoros,1994,1587.3511
Comoros,1995,1342.2054
Comoros,1996,1700.7481
Comoros,1997,1447.8069
Comoros,1998,1207.8888
Comoros,1999,1651.074
Comoros,2000,1556.2913
Comoros,2001,1488.8387
Comoros,2002,1675.4751
Comoros,2003,1059.2704
Comoros,2004,1849.3392
Comoros,2005,1499.64672
Comoros,2006,2018.4437
Comoros,2007,1222.1367
Comoros,2008,1795.3579
Comoros,2009,1473.0171
Comoros,2010,1667.89085
Comoros,2011,2070.9895
Comoros,2012,1667.6446
Comoros,2013,1267.9642
Comoros,2014,1568.97373
Comoros,2015,1822.24589
Djibouti,1901,410.7769
Djibouti,1902,95.4424
Djibouti,1903,259.15231
Djibouti,1904,282.06086
Djibouti,1905,363.33846
Djibouti,1906,237.01636
Djibouti,1907,161.43406
Djibouti,1908,145.77746
Djibouti,1909,272.57978
Djibouti,1910,230.41216
Djibouti,1911,536.1004
Djibouti,1912,233.02222
Djibouti,1913,230.09936
Djibouti,1914,363.75752
Djibouti,1915,155.55894
Djibouti,1916,428.74506
Djibouti,1917,261.45199
Djibouti,1918,59.89751
Djibouti,1919,308.77067
Djibouti,1920,276.21924
Djibouti,1921,157.95864
Djibouti,1922,292.2609
Djibouti,1923,310.40781
Djibouti,1924,206.51924
Djibouti,1925,218.99568
Djibouti,1926,301.97617
Djibouti,1927,238.69473
Djibouti,1928,141.05056
Djibouti,1929,252.25215
Djibouti,1930,236.25094
Djibouti,1931,151.19551
Djibouti,1932,425.35723
Djibouti,1933,101.44046
Djibouti,1934,176.14856
Djibouti,1935,222.81782
Djibouti,1936,224.88012
Djibouti,1937,284.99568
Djibouti,1938,206.73255
Djibouti,1939,223.47721
Djibouti,1940,132.95112
Djibouti,1941,179.79019
Djibouti,1942,136.64205
Djibouti,1943,109.51274
Djibouti,1944,208.28618
Djibouti,1945,94.66961
Djibouti,1946,314.78157
Djibouti,1947,188.67306
Djibouti,1948,117.62815
Djibouti,1949,218.38796
Djibouti,1950,333.09833
Djibouti,1951,272.25029
Djibouti,1952,122.45653
Djibouti,1953,197.8993
Djibouti,1954,570.48112
Djibouti,1955,202.87857
Djibouti,1956,371.05624
Djibouti,1957,415.04481
Djibouti,1958,200.02013
Djibouti,1959,185.29329
Djibouti,1960,222.46226
Djibouti,1961,525.78533
Djibouti,1962,298.86224
Djibouti,1963,251.69005
Djibouti,1964,416.03022
Djibouti,1965,107.60024
Djibouti,1966,115.62535
Djibouti,1967,485.20203
Djibouti,1968,319.97842
Djibouti,1969,142.41736
Djibouti,1970,291.53066
Djibouti,1971,157.81171
Djibouti,1972,305.05726
Djibouti,1973,86.28952
Djibouti,1974,276.65288
Djibouti,1975,184.90729
Djibouti,1976,167.2224
Djibouti,1977,263.21566
Djibouti,1978,205.25615
Djibouti,1979,143.2911
Djibouti,1980,106.11014
Djibouti,1981,183.15901
Djibouti,1982,395.7392
Djibouti,1983,341.21518
Djibouti,1984,116.39867
Djibouti,1985,192.19492
Djibouti,1986,272.3444
Djibouti,1987,194.69075
Djibouti,1988,144.74174
Djibouti,1989,389.41508
Djibouti,1990,296.45488
Djibouti,1991,185.83328
Djibouti,1992,299.36275
Djibouti,1993,315.27244
Djibouti,1994,321.66007
Djibouti,1995,311.10176
Djibouti,1996,139.37616
Djibouti,1997,211.41436
Djibouti,1998,229.8175
Djibouti,1999,389.71217
Djibouti,2000,335.69388
Djibouti,2001,257.53613
Djibouti,2002,219.11247
Djibouti,2003,224.55252
Djibouti,2004,248.8064
Djibouti,2005,216.29787
Djibouti,2006,272.42673
Djibouti,2007,225.62839
Djibouti,2008,222.33266
Djibouti,2009,215.54514
Djibouti,2010,270.25613
Djibouti,2011,250.09682
Djibouti,2012,239.26101
Djibouti,2013,332.91625
Djibouti,2014,303.48936
Djibouti,2015,210.10716
Eritrea,1901,221.65102
Eritrea,1902,170.14099
Eritrea,1903,317.59015
Eritrea,1904,221.17425
Eritrea,1905,233.69876
Eritrea,1906,236.05974
Eritrea,1907,315.46363
Eritrea,1908,255.16633
Eritrea,1909,310.61517
Eritrea,1910,326.83977
Eritrea,1911,321.3158
Eritrea,1912,257.64796
Eritrea,1913,303.9571
Eritrea,1914,317.53484
Eritrea,1915,209.8248
Eritrea,1916,509.35767
Eritrea,1917,329.24973
Eritrea,1918,227.859
Eritrea,1919,272.16087
Eritrea,1920,397.1583
Eritrea,1921,257.60463
Eritrea,1922,293.21277
Eritrea,1923,299.60771
Eritrea,1924,288.9969
Eritrea,1925,308.54239
Eritrea,1926,255.38306
Eritrea,1927,238.66724
Eritrea,1928,254.17419
Eritrea,1929,384.33387
Eritrea,1930,229.72746
Eritrea,1931,248.08231
Eritrea,1932,450.13798
Eritrea,1933,307.16111
Eritrea,1934,347.42924
Eritrea,1935,383.48247
Eritrea,1936,369.91263
Eritrea,1937,350.90632
Eritrea,1938,422.35838
Eritrea,1939,251.94953
Eritrea,1940,252.52146
Eritrea,1941,242.86358
Eritrea,1942,347.29315
Eritrea,1943,307.04713
Eritrea,1944,295.17901
Eritrea,1945,245.83148
Eritrea,1946,295.12734
Eritrea,1947,218.98516
Eritrea,1948,263.68705
Eritrea,1949,269.78018
Eritrea,1950,365.66883
Eritrea,1951,288.50301
Eritrea,1952,253.4904
Eritrea,1953,397.70092
Eritrea,1954,370.04844
Eritrea,1955,245.15341
Eritrea,1956,384.09409
Eritrea,1957,301.73431
Eritrea,1958,243.56744
Eritrea,1959,330.96368
Eritrea,1960,249.18514
Eritrea,1961,477.3548
Eritrea,1962,264.69851
Eritrea,1963,316.45564
Eritrea,1964,478.62136
Eritrea,1965,236.19666
Eritrea,1966,181.28551
Eritrea,1967,321.14735
Eritrea,1968,226.99738
Eritrea,1969,181.08834
Eritrea,1970,246.44762
Eritrea,1971,256.51325
Eritrea,1972,223.46878
Eritrea,1973,262.15209
Eritrea,1974,223.69143
Eritrea,1975,440.14214
Eritrea,1976,266.07001
Eritrea,1977,381.26957
Eritrea,1978,405.93002
Eritrea,1979,357.81674
Eritrea,1980,324.45546
Eritrea,1981,310.29816
Eritrea,1982,278.36932
Eritrea,1983,233.21186
Eritrea,1984,183.50011
Eritrea,1985,262.66511
Eritrea,1986,284.10813
Eritrea,1987,263.24623
Eritrea,1988,342.25571
Eritrea,1989,210.24494
Eritrea,1990,129.37162
Eritrea,1991,236.45003
Eritrea,1992,322.30691
Eritrea,1993,237.29235
Eritrea,1994,281.51576
Eritrea,1995,275.87055
Eritrea,1996,208.72636
Eritrea,1997,263.85688
Eritrea,1998,319.22882
Eritrea,1999,261.86451
Eritrea,2000,303.2488
Eritrea,2001,274.69283
Eritrea,2002,247.01636
Eritrea,2003,274.14862
Eritrea,2004,244.24385
Eritrea,2005,352.23693
Eritrea,2006,251.51395
Eritrea,2007,340.46709
Eritrea,2008,249.32822
Eritrea,2009,199.23452
Eritrea,2010,236.68091
Eritrea,2011,203.90573
Eritrea,2012,175.41965
Eritrea,2013,239.26934
Eritrea,2014,286.00453
Eritrea,2015,304.34687
Ethiopia,1901,821.4771
Ethiopia,1902,762.59597
Ethiopia,1903,999.2164
Ethiopia,1904,766.1031
Ethiopia,1905,842.79543
Ethiopia,1906,932.53082
Ethiopia,1907,845.11498
Ethiopia,1908,787.93238
Ethiopia,1909,896.53714
Ethiopia,1910,802.0964
Ethiopia,1911,865.74996
Ethiopia,1912,767.9012
Ethiopia,1913,695.7274
Ethiopia,1914,976.0355
Ethiopia,1915,861.61313
Ethiopia,1916,1035.978
Ethiopia,1917,946.19669
Ethiopia,1918,689.20887
Ethiopia,1919,721.28757
Ethiopia,1920,823.31929
Ethiopia,1921,699.3647
Ethiopia,1922,735.71706
Ethiopia,1923,977.60072
Ethiopia,1924,793.49658
Ethiopia,1925,885.4276
Ethiopia,1926,991.96479
Ethiopia,1927,727.85223
Ethiopia,1928,872.84927
Ethiopia,1929,886.77711
Ethiopia,1930,881.1324
Ethiopia,1931,802.86327
Ethiopia,1932,846.16395
Ethiopia,1933,769.83157
Ethiopia,1934,810.82515
Ethiopia,1935,948.95881
Ethiopia,1936,953.7884
Ethiopia,1937,858.87469
Ethiopia,1938,795.63856
Ethiopia,1939,726.29163
Ethiopia,1940,750.17034
Ethiopia,1941,809.55454
Ethiopia,1942,722.52769
Ethiopia,1943,637.3607
Ethiopia,1944,798.63846
Ethiopia,1945,772.67539
Ethiopia,1946,884.96225
Ethiopia,1947,808.55474
Ethiopia,1948,771.9305
Ethiopia,1949,784.76711
Ethiopia,1950,916.13011
Ethiopia,1951,802.33839
Ethiopia,1952,678.7463
Ethiopia,1953,742.31905
Ethiopia,1954,852.20632
Ethiopia,1955,719.62867
Ethiopia,1956,714.89187
Ethiopia,1957,793.82917
Ethiopia,1958,838.2803
Ethiopia,1959,734.101
Ethiopia,1960,701.72309
Ethiopia,1961,1060.26652
Ethiopia,1962,748.92595
Ethiopia,1963,890.5968
Ethiopia,1964,930.66812
Ethiopia,1965,743.90063
Ethiopia,1966,833.94144
Ethiopia,1967,1123.61677
Ethiopia,1968,913.35148
Ethiopia,1969,758.82572
Ethiopia,1970,849.37541
Ethiopia,1971,823.88994
Ethiopia,1972,846.08779
Ethiopia,1973,768.79526
Ethiopia,1974,793.63123
Ethiopia,1975,908.2668
Ethiopia,1976,916.20028
Ethiopia,1977,919.05661
Ethiopia,1978,765.21357
Ethiopia,1979,742.8118
Ethiopia,1980,661.9932
Ethiopia,1981,789.97126
Ethiopia,1982,903.8436
Ethiopia,1983,841.63713
Ethiopia,1984,622.57641
Ethiopia,1985,822.69523
Ethiopia,1986,695.29872
Ethiopia,1987,701.66664
Ethiopia,1988,801.77283
Ethiopia,1989,823.98079
Ethiopia,1990,713.9841
Ethiopia,1991,765.5124
Ethiopia,1992,732.2982
Ethiopia,1993,791.86912
Ethiopia,1994,817.13631
Ethiopia,1995,711.57019
Ethiopia,1996,803.81391
Ethiopia,1997,847.1625
Ethiopia,1998,858.38536
Ethiopia,1999,722.1764
Ethiopia,2000,888.95438
Ethiopia,2001,767.28333
Ethiopia,2002,662.3992
Ethiopia,2003,737.64586
Ethiopia,2004,789.2355
Ethiopia,2005,819.08032
Ethiopia,2006,846.24784
Ethiopia,2007,824.29784
Ethiopia,2008,827.56893
Ethiopia,2009,728.3958
Ethiopia,2010,859.84513
Ethiopia,2011,792.0113
Ethiopia,2012,850.1054
Ethiopia,2013,967.52914
Ethiopia,2014,885.22521
Ethiopia,2015,823.45383
Kenya,1901,654.15792
Kenya,1902,740.57841
Kenya,1903,649.5837
Kenya,1904,659.3845
Kenya,1905,748.84177
Kenya,1906,817.4772
Kenya,1907,689.4789
Kenya,1908,628.2491
Kenya,1909,678.07658
Kenya,1910,550.66275
Kenya,1911,651.8039
Kenya,1912,802.6039
Kenya,1913,668.59729
Kenya,1914,689.8648
Kenya,1915,686.35623
Kenya,1916,765.8238
Kenya,1917,785.89132
Kenya,1918,473.69853
Kenya,1919,600.94235
Kenya,1920,702.17635
Kenya,1921,441.601
Kenya,1922,583.3707
Kenya,1923,801.4764
Kenya,1924,577.8801
Kenya,1925,633.0551
Kenya,1926,751.3758
Kenya,1927,592.1018
Kenya,1928,552.8067
Kenya,1929,594.59498
Kenya,1930,810.2361
Kenya,1931,605.8372
Kenya,1932,682.5183
Kenya,1933,538.4073
Kenya,1934,525.54608
Kenya,1935,670.97157
Kenya,1936,785.3672
Kenya,1937,797.2992
Kenya,1938,595.5292
Kenya,1939,498.9005
Kenya,1940,707.548
Kenya,1941,763.228
Kenya,1942,639.7348
Kenya,1943,517.0882
Kenya,1944,652.88098
Kenya,1945,545.7112
Kenya,1946,547.35391
Kenya,1947,729.9612
Kenya,1948,634.26061
Kenya,1949,447.87687
Kenya,1950,537.56799
Kenya,1951,963.8035
Kenya,1952,540.80884
Kenya,1953,640.68807
Kenya,1954,604.48114
Kenya,1955,588.0555
Kenya,1956,647.2789
Kenya,1957,791.3573
Kenya,1958,666.6882
Kenya,1959,615.8441
Kenya,1960,631.1248
Kenya,1961,1060.6547
Kenya,1962,738.9708
Kenya,1963,892.8551
Kenya,1964,730.9264
Kenya,1965,577.7309
Kenya,1966,700.177
Kenya,1967,910.44233
Kenya,1968,1011.11144
Kenya,1969,656.9209
Kenya,1970,661.2281
Kenya,1971,621.50114
Kenya,1972,681.1325
Kenya,1973,516.9813
Kenya,1974,602.6795
Kenya,1975,593.62754
Kenya,1976,497.76932
Kenya,1977,865.61
Kenya,1978,856.24
Kenya,1979,818.038
Kenya,1980,467.91875
Kenya,1981,708.98949
Kenya,1982,845.79278
Kenya,1983,541.3881
Kenya,1984,506.54912
Kenya,1985,618.415
Kenya,1986,670.8854
Kenya,1987,591.9419
Kenya,1988,769.3764
Kenya,1989,743.0671
Kenya,1990,730.4729
Kenya,1991,579.1451
Kenya,1992,587.8528
Kenya,1993,610.1953
Kenya,1994,683.87082
Kenya,1995,678.7739
Kenya,1996,531.32548
Kenya,1997,1018.22523
Kenya,1998,706.8892
Kenya,1999,608.51087
Kenya,2000,448.22725
Kenya,2001,635.30535
Kenya,2002,741.8662
Kenya,2003,639.03336
Kenya,2004,666.2667
Kenya,2005,540.4472
Kenya,2006,774.3171
Kenya,2007,711.352
Kenya,2008,668.1588
Kenya,2009,660.318
Kenya,2010,646.6178
Kenya,2011,652.3784
Kenya,2012,770.0132
Kenya,2013,797.8576
Kenya,2014,627.9245
Kenya,2015,786.837
Madagascar,1901,1462.3571
Madagascar,1902,1353.4393
Madagascar,1903,1474.4981
Madagascar,1904,1631.0074
Madagascar,1905,1618.07
Madagascar,1906,1549.2324
Madagascar,1907,1370.1538
Madagascar,1908,1365.3219
Madagascar,1909,930.9537
Madagascar,1910,1155.6093
Madagascar,1911,1257.539
Madagascar,1912,1178.029
Madagascar,1913,1491.8793
Madagascar,1914,1486.7709
Madagascar,1915,1414.4511
Madagascar,1916,1592.7711
Madagascar,1917,1527.8327
Madagascar,1918,1285.4029
Madagascar,1919,1469.4811
Madagascar,1920,1356.8114
Madagascar,1921,1354.3826
Madagascar,1922,1264.7804
Madagascar,1923,1383.0892
Madagascar,1924,1381.0859
Madagascar,1925,1384.7826
Madagascar,1926,1321.729
Madagascar,1927,1420.5471
Madagascar,1928,1458.4712
Madagascar,1929,1465.2518
Madagascar,1930,1161.2504
Madagascar,1931,1498.0893
Madagascar,1932,1558.2992
Madagascar,1933,1573.1622
Madagascar,1934,1388.549
Madagascar,1935,1630.1838
Madagascar,1936,1398.0967
Madagascar,1937,1347.6168
Madagascar,1938,1483.9759
Madagascar,1939,1573.3268
Madagascar,1940,1493.0874
Madagascar,1941,1343.9007
Madagascar,1942,1238.1376
Madagascar,1943,1196.3252
Madagascar,1944,1276.0326
Madagascar,1945,1341.676
Madagascar,1946,1603.3683
Madagascar,1947,1305.1051
Madagascar,1948,1389.329
Madagascar,1949,1368.6383
Madagascar,1950,1266.7424
Madagascar,1951,1552.655
Madagascar,1952,1647.4498
Madagascar,1953,1403.8558
Madagascar,1954,1267.1383
Madagascar,1955,1236.6969
Madagascar,1956,1444.5027
Madagascar,1957,1219.5938
Madagascar,1958,1565.4741
Madagascar,1959,1451.9796
Madagascar,1960,1234.1688
Madagascar,1961,1646.1953
Madagascar,1962,1140.9349
Madagascar,1963,1337.8394
Madagascar,1964,1410.084
Madagascar,1965,1667.2743
Madagascar,1966,1483.3132
Madagascar,1967,1591.512
Madagascar,1968,1486.4891
Madagascar,1969,1446.47
Madagascar,1970,1301.8171
Madagascar,1971,1632.6817
Madagascar,1972,1711.5856
Madagascar,1973,1805.389
Madagascar,1974,1646.5513
Madagascar,1975,1521.8121
Madagascar,1976,1448.4841
Madagascar,1977,1295.1672
Madagascar,1978,1321.2466
Madagascar,1979,1411.7901
Madagascar,1980,1364.3829
Madagascar,1981,1473.482
Madagascar,1982,1960.0992
Madagascar,1983,1362.8917
Madagascar,1984,1716.3346
Madagascar,1985,1429.4074
Madagascar,1986,1464.356
Madagascar,1987,1448.1994
Madagascar,1988,1348.7543
Madagascar,1989,1782.1244
Madagascar,1990,1168.4801
Madagascar,1991,1391.8754
Madagascar,1992,1430.3275
Madagascar,1993,1403.5785
Madagascar,1994,1323.567
Madagascar,1995,1500.1725
Madagascar,1996,1487.5749
Madagascar,1997,1526.7977
Madagascar,1998,1709.0237
Madagascar,1999,1370.8046
Madagascar,2000,1286.6821
Madagascar,2001,1390.075
Madagascar,2002,1447.5017
Madagascar,2003,1437.4736
Madagascar,2004,1490.4262
Madagascar,2005,1388.3189
Madagascar,2006,1328.0979
Madagascar,2007,1300.6215
Madagascar,2008,1481.7893
Madagascar,2009,1401.5782
Madagascar,2010,1328.5185
Madagascar,2011,1250.833
Madagascar,2012,1337.4331
Madagascar,2013,1543.8344
Madagascar,2014,1642.9951
Madagascar,2015,1347.5968
Malawi,1901,1015.58241
Malawi,1902,1160.89534
Malawi,1903,953.29353
Malawi,1904,1359.54602
Malawi,1905,1163.28491
Malawi,1906,1060.49473
Malawi,1907,1135.33093
Malawi,1908,1150.25759
Malawi,1909,905.3549
Malawi,1910,1080.85638
Malawi,1911,955.7913
Malawi,1912,887.18912
Malawi,1913,1084.23149
Malawi,1914,957.60688
Malawi,1915,951.27777
Malawi,1916,1154.25699
Malawi,1917,1024.97764
Malawi,1918,927.52636
Malawi,1919,951.11525
Malawi,1920,1117.50279
Malawi,1921,1122.63661
Malawi,1922,957.18468
Malawi,1923,1187.45829
Malawi,1924,846.86372
Malawi,1925,1314.42149
Malawi,1926,1161.09659
Malawi,1927,1118.79723
Malawi,1928,989.5216
Malawi,1929,1072.99663
Malawi,1930,927.82602
Malawi,1931,1220.59361
Malawi,1932,948.22723
Malawi,1933,931.30275
Malawi,1934,1229.30267
Malawi,1935,960.53376
Malawi,1936,1163.81308
Malawi,1937,970.35318
Malawi,1938,1004.40843
Malawi,1939,1132.02489
Malawi,1940,1079.12249
Malawi,1941,996.31883
Malawi,1942,932.06205
Malawi,1943,908.88701
Malawi,1944,1140.88038
Malawi,1945,1168.67337
Malawi,1946,1175.24767
Malawi,1947,1194.7564
Malawi,1948,1124.02462
Malawi,1949,798.75625
Malawi,1950,1310.62224
Malawi,1951,1128.65731
Malawi,1952,1226.04279
Malawi,1953,1033.4847
Malawi,1954,900.21424
Malawi,1955,1149.70959
Malawi,1956,1397.18382
Malawi,1957,1145.80253
Malawi,1958,923.0294
Malawi,1959,987.69193
Malawi,1960,994.55993
Malawi,1961,1304.29204
Malawi,1962,1265.52759
Malawi,1963,1320.20974
Malawi,1964,909.37031
Malawi,1965,1136.56279
Malawi,1966,963.83575
Malawi,1967,1138.68006
Malawi,1968,1072.46951
Malawi,1969,1109.63285
Malawi,1970,1117.96466
Malawi,1971,1050.0289
Malawi,1972,1039.59778
Malawi,1973,936.4174
Malawi,1974,1330.93585
Malawi,1975,990.12912
Malawi,1976,1271.37394
Malawi,1977,1053.86636
Malawi,1978,1370.41372
Malawi,1979,1173.67452
Malawi,1980,1187.03591
Malawi,1981,949.92528
Malawi,1982,1175.1846
Malawi,1983,910.34363
Malawi,1984,1144.49266
Malawi,1985,1210.41581
Malawi,1986,1198.49633
Malawi,1987,852.15261
Malawi,1988,1129.39546
Malawi,1989,1365.72843
Malawi,1990,830.69505
Malawi,1991,1078.42478
Malawi,1992,734.15402
Malawi,1993,957.403
Malawi,1994,809.77325
Malawi,1995,905.29584
Malawi,1996,1093.99953
Malawi,1997,1171.61337
Malawi,1998,826.67764
Malawi,1999,1146.72124
Malawi,2000,1046.69503
Malawi,2001,1057.22393
Malawi,2002,973.71908
Malawi,2003,1080.49994
Malawi,2004,1173.29463
Malawi,2005,733.43028
Malawi,2006,977.57552
Malawi,2007,1057.90494
Malawi,2008,1049.95981
Malawi,2009,1140.94341
Malawi,2010,941.71509
Malawi,2011,1146.65082
Malawi,2012,1072.40625
Malawi,2013,1098.07053
Malawi,2014,1046.94783
Malawi,2015,868.84108
Mauritius,1901,1957.3221
Mauritius,1902,1957.3221
Mauritius,1903,1957.3221
Mauritius,1904,1957.3221
Mauritius,1905,1957.3221
Mauritius,1906,1957.3221
Mauritius,1907,1957.3221
Mauritius,1908,1957.3221
Mauritius,1909,1957.3221
Mauritius,1910,1957.3221
Mauritius,1911,1957.3221
Mauritius,1912,1957.3221
Mauritius,1913,1957.3221
Mauritius,1914,1957.3221
Mauritius,1915,1957.3221
Mauritius,1916,1957.3221
Mauritius,1917,1957.3221
Mauritius,1918,1957.3221
Mauritius,1919,1957.3221
Mauritius,1920,1957.3221
Mauritius,1921,1957.3221
Mauritius,1922,1957.3221
Mauritius,1923,1957.3221
Mauritius,1924,1957.3221
Mauritius,1925,1957.3221
Mauritius,1926,1957.3221
Mauritius,1927,1957.3221
Mauritius,1928,1957.3221
Mauritius,1929,1957.3221
Mauritius,1930,1957.3221
Mauritius,1931,1957.3221
Mauritius,1932,1957.3221
Mauritius,1933,1957.3221
Mauritius,1934,1957.3221
Mauritius,1935,1957.3221
Mauritius,1936,1957.3221
Mauritius,1937,1957.3221
Mauritius,1938,1957.3221
Mauritius,1939,1957.3221
Mauritius,1940,1957.3221
Mauritius,1941,1957.3221
Mauritius,1942,1957.3221
Mauritius,1943,1957.3221
Mauritius,1944,1957.3221
Mauritius,1945,1957.3221
Mauritius,1946,1957.3221
Mauritius,1947,1957.3221
Mauritius,1948,1957.3221
Mauritius,1949,1957.3221
Mauritius,1950,1957.3221
Mauritius,1951,1792.6587
Mauritius,1952,2622.0962
Mauritius,1953,2623.9151
Mauritius,1954,1866.7707
Mauritius,1955,2677.8683
Mauritius,1956,1652.4134
Mauritius,1957,1696.0117
Mauritius,1958,1771.9002
Mauritius,1959,1934.6401
Mauritius,1960,2241.4305
Mauritius,1961,2229.4187
Mauritius,1962,1973.5007
Mauritius,1963,1553.4669
Mauritius,1964,1640.3714
Mauritius,1965,2340.8683
Mauritius,1966,1532.0535
Mauritius,1967,1991.3826
Mauritius,1968,1869.2672
Mauritius,1969,1618.9588
Mauritius,1970,1977.3991
Mauritius,1971,1467.4034
Mauritius,1972,2951.4501
Mauritius,1973,1960.9541
Mauritius,1974,1630.8652
Mauritius,1975,1699.6989
Mauritius,1976,1955.2259
Mauritius,1977,2273.7857
Mauritius,1978,1581.3774
Mauritius,1979,2420.5811
Mauritius,1980,2473.0554
Mauritius,1981,1779.4056
Mauritius,1982,3206.286
Mauritius,1983,1412.5184
Mauritius,1984,1519.5279
Mauritius,1985,2515.35
Mauritius,1986,1742.3734
Mauritius,1987,2715.4584
Mauritius,1988,1482.0912
Mauritius,1989,2325.8443
Mauritius,1990,1359.9311
Mauritius,1991,1659.4959
Mauritius,1992,1519.2578
Mauritius,1993,2350.3193
Mauritius,1994,1687.0826
Mauritius,1995,1971.0866
Mauritius,1996,1345.0412
Mauritius,1997,1681.8962
Mauritius,1998,1742.0773
Mauritius,1999,1015.8553
Mauritius,2000,1694.1162
Mauritius,2001,1725.2794
Mauritius,2002,1825.5599
Mauritius,2003,1754.2722
Mauritius,2004,1862.0452
Mauritius,2005,2115.7929
Mauritius,2006,1922.1751
Mauritius,2007,1694.9048
Mauritius,2008,2049.0598
Mauritius,2009,1906.2352
Mauritius,2010,1797.7041
Mauritius,2011,1770.8353
Mauritius,2012,1274.8704
Mauritius,2013,1903.5119
Mauritius,2014,1769.4485
Mauritius,2015,1918.6457
Mozambique,1901,1085.7716
Mozambique,1902,896.18354
Mozambique,1903,810.8735
Mozambique,1904,1171.7541
Mozambique,1905,864.04884
Mozambique,1906,938.31051
Mozambique,1907,1188.35739
Mozambique,1908,990.87201
Mozambique,1909,918.6416
Mozambique,1910,984.37112
Mozambique,1911,1087.4392
Mozambique,1912,842.10983
Mozambique,1913,985.12263
Mozambique,1914,975.67926
Mozambique,1915,877.45498
Mozambique,1916,1064.94448
Mozambique,1917,935.92552
Mozambique,1918,1107.78259
Mozambique,1919,828.44625
Mozambique,1920,1120.91297
Mozambique,1921,1093.88988
Mozambique,1922,862.70964
Mozambique,1923,1129.29001
Mozambique,1924,802.3222
Mozambique,1925,1267.02718
Mozambique,1926,1032.22017
Mozambique,1927,985.88477
Mozambique,1928,961.5714
Mozambique,1929,1026.40967
Mozambique,1930,866.75096
Mozambique,1931,999.19622
Mozambique,1932,921.86347
Mozambique,1933,824.4917
Mozambique,1934,1123.9425
Mozambique,1935,885.01518
Mozambique,1936,1075.999
Mozambique,1937,909.38704
Mozambique,1938,886.45505
Mozambique,1939,1181.7055
Mozambique,1940,1001.16496
Mozambique,1941,792.45678
Mozambique,1942,953.2484
Mozambique,1943,890.47149
Mozambique,1944,962.00932
Mozambique,1945,972.49575
Mozambique,1946,1108.61342
Mozambique,1947,999.82347
Mozambique,1948,965.45003
Mozambique,1949,881.88761
Mozambique,1950,1086.64703
Mozambique,1951,898.3064
Mozambique,1952,1133.92753
Mozambique,1953,1072.6393
Mozambique,1954,966.67036
Mozambique,1955,1080.16712
Mozambique,1956,1194.29543
Mozambique,1957,965.16915
Mozambique,1958,1068.65
Mozambique,1959,973.6901
Mozambique,1960,941.24683
Mozambique,1961,1058.41451
Mozambique,1962,1205.36454
Mozambique,1963,1106.50213
Mozambique,1964,838.00785
Mozambique,1965,994.70924
Mozambique,1966,898.33486
Mozambique,1967,1101.66821
Mozambique,1968,951.40886
Mozambique,1969,1074.53005
Mozambique,1970,847.86336
Mozambique,1971,998.51158
Mozambique,1972,1003.24933
Mozambique,1973,960.2164
Mozambique,1974,1210.24158
Mozambique,1975,937.90379
Mozambique,1976,1126.36004
Mozambique,1977,979.14441
Mozambique,1978,1255.30235
Mozambique,1979,944.96148
Mozambique,1980,964.787
Mozambique,1981,1037.9016
Mozambique,1982,1018.57261
Mozambique,1983,835.05565
Mozambique,1984,1066.69394
Mozambique,1985,1135.4542
Mozambique,1986,1032.16941
Mozambique,1987,772.80821
Mozambique,1988,985.84558
Mozambique,1989,1158.18741
Mozambique,1990,795.63228
Mozambique,1991,965.83834
Mozambique,1992,676.9422
Mozambique,1993,950.86624
Mozambique,1994,807.15666
Mozambique,1995,856.9334
Mozambique,1996,1009.09926
Mozambique,1997,1127.8329
Mozambique,1998,951.00566
Mozambique,1999,1126.82721
Mozambique,2000,1213.36243
Mozambique,2001,1136.5112
Mozambique,2002,867.28879
Mozambique,2003,964.52052
Mozambique,2004,1137.36924
Mozambique,2005,675.05697
Mozambique,2006,843.41164
Mozambique,2007,947.97991
Mozambique,2008,956.4195
Mozambique,2009,902.70537
Mozambique,2010,873.11491
Mozambique,2011,1032.00256
Mozambique,2012,972.01975
Mozambique,2013,968.89764
Mozambique,2014,1030.34469
Mozambique,2015,851.00796
R¨¦union,1901,2041.5543
R¨¦union,1902,2041.5543
R¨¦union,1903,2041.5543
R¨¦union,1904,2041.5543
R¨¦union,1905,2041.5543
R¨¦union,1906,2041.5543
R¨¦union,1907,2041.5543
R¨¦union,1908,2041.5543
R¨¦union,1909,2041.5543
R¨¦union,1910,2041.5543
R¨¦union,1911,2041.5543
R¨¦union,1912,2041.5543
R¨¦union,1913,2041.5543
R¨¦union,1914,2041.5543
R¨¦union,1915,2041.5543
R¨¦union,1916,2041.5543
R¨¦union,1917,2041.5543
R¨¦union,1918,2041.5543
R¨¦union,1919,2041.5543
R¨¦union,1920,2041.5543
R¨¦union,1921,2041.5543
R¨¦union,1922,2041.5543
R¨¦union,1923,2041.5543
R¨¦union,1924,2041.5543
R¨¦union,1925,2041.5543
R¨¦union,1926,2041.5543
R¨¦union,1927,2041.5543
R¨¦union,1928,2041.5543
R¨¦union,1929,2041.5543
R¨¦union,1930,2041.5543
R¨¦union,1931,2041.5543
R¨¦union,1932,2041.5543
R¨¦union,1933,2041.5543
R¨¦union,1934,2041.5543
R¨¦union,1935,2041.5543
R¨¦union,1936,2041.5543
R¨¦union,1937,2041.5543
R¨¦union,1938,2041.5543
R¨¦union,1939,2041.5543
R¨¦union,1940,2041.5543
R¨¦union,1941,2041.5543
R¨¦union,1942,2041.5543
R¨¦union,1943,2041.5543
R¨¦union,1944,2041.5543
R¨¦union,1945,2041.5543
R¨¦union,1946,2041.5543
R¨¦union,1947,2041.5543
R¨¦union,1948,2041.5543
R¨¦union,1949,2041.5543
R¨¦union,1950,2041.5543
R¨¦union,1951,1577.2546
R¨¦union,1952,1796.7454
R¨¦union,1953,2212.8531
R¨¦union,1954,1612.2504
R¨¦union,1955,2312.6424
R¨¦union,1956,2027.5263
R¨¦union,1957,1671.45029
R¨¦union,1958,1425.93583
R¨¦union,1959,1961.8177
R¨¦union,1960,1534.8848
R¨¦union,1961,2481.3456
R¨¦union,1962,2186.2962
R¨¦union,1963,1423.4211
R¨¦union,1964,1465.2261
R¨¦union,1965,2796.1663
R¨¦union,1966,1351.4659
R¨¦union,1967,1568.9343
R¨¦union,1968,2156.084
R¨¦union,1969,2004.087
R¨¦union,1970,1749.7529
R¨¦union,1971,1556.6165
R¨¦union,1972,2408.6808
R¨¦union,1973,1811.0574
R¨¦union,1974,2581.0939
R¨¦union,1975,1669.541
R¨¦union,1976,2373.6223
R¨¦union,1977,2198.3791
R¨¦union,1978,1798.1038
R¨¦union,1979,2166.5043
R¨¦union,1980,2814.8626
R¨¦union,1981,1956.3542
R¨¦union,1982,2923.675
R¨¦union,1983,1503.9455
R¨¦union,1984,1883.2612
R¨¦union,1985,2757.3864
R¨¦union,1986,1889.8046
R¨¦union,1987,2592.4956
R¨¦union,1988,1773.5547
R¨¦union,1989,2226.1523
R¨¦union,1990,1292.6727
R¨¦union,1991,1911.3155
R¨¦union,1992,940.0802
R¨¦union,1993,2822.4222
R¨¦union,1994,1908.0956
R¨¦union,1995,1676.1216
R¨¦union,1996,1380.0332
R¨¦union,1997,1741.7493
R¨¦union,1998,1988.6632
R¨¦union,1999,1298.8246
R¨¦union,2000,1363.40724
R¨¦union,2001,1294.8821
R¨¦union,2002,2039.4865
R¨¦union,2003,2289.0724
R¨¦union,2004,2060.0017
R¨¦union,2005,2569.2906
R¨¦union,2006,2360.3894
R¨¦union,2007,2122.79799
R¨¦union,2008,1889.667
R¨¦union,2009,2102.3211
R¨¦union,2010,2289.9191
R¨¦union,2011,2168.4266
R¨¦union,2012,1868.3089
R¨¦union,2013,1739.1048
R¨¦union,2014,1384.2336
R¨¦union,2015,1848.0162
Rwanda,1901,1052.0311
Rwanda,1902,1182.3999
Rwanda,1903,1349.7317
Rwanda,1904,1162.2736
Rwanda,1905,1217.1384
Rwanda,1906,979.3328
Rwanda,1907,1232.01498
Rwanda,1908,1022.18
Rwanda,1909,944.7765
Rwanda,1910,1186.057
Rwanda,1911,995.5729
Rwanda,1912,1222.96882
Rwanda,1913,913.7266
Rwanda,1914,1007.7762
Rwanda,1915,1068.28041
Rwanda,1916,1116.2048
Rwanda,1917,1127.3247
Rwanda,1918,1000.87919
Rwanda,1919,1157.55546
Rwanda,1920,1115.6292
Rwanda,1921,780.36039
Rwanda,1922,1045.68981
Rwanda,1923,1080.70808
Rwanda,1924,994.03617
Rwanda,1925,1182.0238
Rwanda,1926,1030.34573
Rwanda,1927,1110.58005
Rwanda,1928,964.2313
Rwanda,1929,1158.6527
Rwanda,1930,1392.0383
Rwanda,1931,1140.5189
Rwanda,1932,1147.1661
Rwanda,1933,1075.6832
Rwanda,1934,1046.37288
Rwanda,1935,1101.37938
Rwanda,1936,1289.7938
Rwanda,1937,1446.4737
Rwanda,1938,1064.0339
Rwanda,1939,1117.1153
Rwanda,1940,1126.7369
Rwanda,1941,1398.83011
Rwanda,1942,1192.9745
Rwanda,1943,970.36916
Rwanda,1944,1139.96817
Rwanda,1945,1114.679
Rwanda,1946,1124.2521
Rwanda,1947,1287.17701
Rwanda,1948,1091.8635
Rwanda,1949,1075.9837
Rwanda,1950,1182.69931
Rwanda,1951,1362.9561
Rwanda,1952,947.9607
Rwanda,1953,1194.4423
Rwanda,1954,1083.1758
Rwanda,1955,1227.37675
Rwanda,1956,1245.78744
Rwanda,1957,1312.221
Rwanda,1958,1153.015
Rwanda,1959,1170.49165
Rwanda,1960,1051.97651
Rwanda,1961,1351.3511
Rwanda,1962,1381.9487
Rwanda,1963,1485.9925
Rwanda,1964,1220.2907
Rwanda,1965,1234.49939
Rwanda,1966,1197.65522
Rwanda,1967,1292.0799
Rwanda,1968,1311.4884
Rwanda,1969,1073.53791
Rwanda,1970,1224.409
Rwanda,1971,1198.5545
Rwanda,1972,1278.76556
Rwanda,1973,1211.14438
Rwanda,1974,1146.0563
Rwanda,1975,1258.665
Rwanda,1976,1155.1796
Rwanda,1977,1346.4447
Rwanda,1978,1350.8566
Rwanda,1979,1244.15136
Rwanda,1980,1212.36541
Rwanda,1981,1206.1049
Rwanda,1982,1292.72003
Rwanda,1983,1210.5861
Rwanda,1984,1054.21889
Rwanda,1985,1172.7107
Rwanda,1986,1125.16077
Rwanda,1987,1193.5806
Rwanda,1988,1262.1656
Rwanda,1989,1065.0084
Rwanda,1990,1167.68073
Rwanda,1991,1198.9064
Rwanda,1992,1107.42052
Rwanda,1993,1091.22698
Rwanda,1994,1285.68469
Rwanda,1995,1160.3608
Rwanda,1996,1099.5379
Rwanda,1997,1273.547
Rwanda,1998,1292.21614
Rwanda,1999,1095.16224
Rwanda,2000,1060.48837
Rwanda,2001,1389.23
Rwanda,2002,1253.82182
Rwanda,2003,1221.53973
Rwanda,2004,920.76547
Rwanda,2005,1000.7472
Rwanda,2006,1291.4152
Rwanda,2007,1379.3525
Rwanda,2008,1107.13006
Rwanda,2009,1267.6955
Rwanda,2010,1376.8719
Rwanda,2011,1494.4037
Rwanda,2012,1093.10179
Rwanda,2013,1268.91579
Rwanda,2014,1219.542
Rwanda,2015,1319.2626
Somalia,1901,307.39875
Somalia,1902,288.97719
Somalia,1903,274.7641
Somalia,1904,274.84082
Somalia,1905,325.34141
Somalia,1906,304.97309
Somalia,1907,299.27759
Somalia,1908,266.31872
Somalia,1909,259.00153
Somalia,1910,279.74851
Somalia,1911,293.60492
Somalia,1912,288.74342
Somalia,1913,306.47801
Somalia,1914,268.19467
Somalia,1915,205.21512
Somalia,1916,233.28089
Somalia,1917,247.91508
Somalia,1918,201.94802
Somalia,1919,253.86777
Somalia,1920,283.71946
Somalia,1921,209.97022
Somalia,1922,266.62737
Somalia,1923,413.22585
Somalia,1924,253.7882
Somalia,1925,326.45766
Somalia,1926,348.7497
Somalia,1927,281.97985
Somalia,1928,262.1505
Somalia,1929,274.75087
Somalia,1930,269.92829
Somalia,1931,248.68523
Somalia,1932,249.41317
Somalia,1933,266.3619
Somalia,1934,250.05908
Somalia,1935,272.33667
Somalia,1936,312.15045
Somalia,1937,305.27471
Somalia,1938,234.27976
Somalia,1939,164.01328
Somalia,1940,240.38221
Somalia,1941,316.72064
Somalia,1942,212.2359
Somalia,1943,158.86877
Somalia,1944,227.83588
Somalia,1945,200.76258
Somalia,1946,206.10454
Somalia,1947,237.69445
Somalia,1948,212.85036
Somalia,1949,166.51886
Somalia,1950,179.56966
Somalia,1951,418.12992
Somalia,1952,189.81665
Somalia,1953,237.14128
Somalia,1954,200.15303
Somalia,1955,159.27315
Somalia,1956,233.0923
Somalia,1957,311.30867
Somalia,1958,201.13763
Somalia,1959,214.0159
Somalia,1960,298.13022
Somalia,1961,404.28126
Somalia,1962,238.0728
Somalia,1963,347.77916
Somalia,1964,287.74044
Somalia,1965,285.39697
Somalia,1966,285.20801
Somalia,1967,423.14285
Somalia,1968,397.20783
Somalia,1969,262.01143
Somalia,1970,220.93503
Somalia,1971,236.72584
Somalia,1972,356.43651
Somalia,1973,211.77269
Somalia,1974,205.81824
Somalia,1975,197.20006
Somalia,1976,288.49999
Somalia,1977,349.85421
Somalia,1978,280.41262
Somalia,1979,297.80785
Somalia,1980,189.61752
Somalia,1981,339.71522
Somalia,1982,373.23962
Somalia,1983,210.56442
Somalia,1984,238.59795
Somalia,1985,253.06938
Somalia,1986,236.84222
Somalia,1987,281.70273
Somalia,1988,285.99474
Somalia,1989,367.50961
Somalia,1990,299.54591
Somalia,1991,229.38325
Somalia,1992,235.75662
Somalia,1993,252.70581
Somalia,1994,272.76625
Somalia,1995,285.93217
Somalia,1996,224.32849
Somalia,1997,374.69974
Somalia,1998,233.59128
Somalia,1999,258.12435
Somalia,2000,268.84747
Somalia,2001,248.36777
Somalia,2002,287.64294
Somalia,2003,278.70438
Somalia,2004,302.13132
Somalia,2005,272.59757
Somalia,2006,294.20678
Somalia,2007,302.26045
Somalia,2008,274.66844
Somalia,2009,264.30437
Somalia,2010,256.67765
Somalia,2011,304.2077
Somalia,2012,269.94643
Somalia,2013,331.74941
Somalia,2014,276.48105
Somalia,2015,312.20021
Uganda,1901,954.6873
Uganda,1902,1289.7977
Uganda,1903,1322.5099
Uganda,1904,1191.695
Uganda,1905,1209.016
Uganda,1906,1316.4369
Uganda,1907,1159.8682
Uganda,1908,1102.2832
Uganda,1909,1217.3401
Uganda,1910,1070.881
Uganda,1911,1171.5714
Uganda,1912,1231.0738
Uganda,1913,1014.52033
Uganda,1914,1217.2197
Uganda,1915,1198.5031
Uganda,1916,1238.7376
Uganda,1917,1280.6931
Uganda,1918,874.9472
Uganda,1919,1289.4177
Uganda,1920,1222.5318
Uganda,1921,928.3095
Uganda,1922,1141.6921
Uganda,1923,1288.1497
Uganda,1924,1106.729
Uganda,1925,1077.838
Uganda,1926,1242.2672
Uganda,1927,962.6403
Uganda,1928,1110.9729
Uganda,1929,1072.8234
Uganda,1930,1173.9441
Uganda,1931,1185.5956
Uganda,1932,1102.1958
Uganda,1933,1080.4724
Uganda,1934,1050.94902
Uganda,1935,1207.638
Uganda,1936,1220.4912
Uganda,1937,1289.0234
Uganda,1938,1081.0723
Uganda,1939,1013.6073
Uganda,1940,1220.4431
Uganda,1941,1311.0139
Uganda,1942,1224.3817
Uganda,1943,988.6882
Uganda,1944,1241.4569
Uganda,1945,1164.7664
Uganda,1946,1260.27319
Uganda,1947,1302.1191
Uganda,1948,1193.7146
Uganda,1949,1065.178
Uganda,1950,1117.8173
Uganda,1951,1393.0718
Uganda,1952,1098.6447
Uganda,1953,1103.8455
Uganda,1954,1153.6877
Uganda,1955,1240.7327
Uganda,1956,1181.6629
Uganda,1957,1213.2581
Uganda,1958,1166.6103
Uganda,1959,1180.4618
Uganda,1960,1162.4454
Uganda,1961,1596.2271
Uganda,1962,1293.7232
Uganda,1963,1354.9837
Uganda,1964,1245.5603
Uganda,1965,1101.9012
Uganda,1966,1202.2456
Uganda,1967,1240.4409
Uganda,1968,1264.85368
Uganda,1969,1174.5828
Uganda,1970,1254.3488
Uganda,1971,1096.5868
Uganda,1972,1269.2412
Uganda,1973,1165.4611
Uganda,1974,1186.3448
Uganda,1975,1288.9193
Uganda,1976,1187.4393
Uganda,1977,1361.8549
Uganda,1978,1336.3237
Uganda,1979,1104.8002
Uganda,1980,1075.1684
Uganda,1981,1182.8176
Uganda,1982,1272.7457
Uganda,1983,1104.4794
Uganda,1984,1036.2288
Uganda,1985,1166.6366
Uganda,1986,1136.5611
Uganda,1987,1116.4451
Uganda,1988,1417.3415
Uganda,1989,1182.8989
Uganda,1990,1145.8829
Uganda,1991,1239.4177
Uganda,1992,1125.7964
Uganda,1993,1058.9887
Uganda,1994,1287.8782
Uganda,1995,1175.0247
Uganda,1996,1302.3546
Uganda,1997,1290.19104
Uganda,1998,1221.0148
Uganda,1999,1238.4169
Uganda,2000,1117.6246
Uganda,2001,1260.9423
Uganda,2002,1316.2309
Uganda,2003,1236.0102
Uganda,2004,1149.1557
Uganda,2005,951.7494
Uganda,2006,1326.1657
Uganda,2007,1459.6647
Uganda,2008,1176.4599
Uganda,2009,1169.8468
Uganda,2010,1427.2754
Uganda,2011,1320.5086
Uganda,2012,1411.9989
Uganda,2013,1461.3376
Uganda,2014,1199.3191
Uganda,2015,1286.472
United Republic of Tanzania,1901,757.61865
United Republic of Tanzania,1902,952.18464
United Republic of Tanzania,1903,1096.28221
United Republic of Tanzania,1904,1187.15387
United Republic of Tanzania,1905,1113.96079
United Republic of Tanzania,1906,1142.18523
United Republic of Tanzania,1907,930.98495
United Republic of Tanzania,1908,1016.9579
United Republic of Tanzania,1909,733.90604
United Republic of Tanzania,1910,907.59746
United Republic of Tanzania,1911,1003.47151
United Republic of Tanzania,1912,1007.65558
United Republic of Tanzania,1913,1089.15265
United Republic of Tanzania,1914,922.33531
United Republic of Tanzania,1915,899.74058
United Republic of Tanzania,1916,1003.35244
United Republic of Tanzania,1917,970.00037
United Republic of Tanzania,1918,771.97247
United Republic of Tanzania,1919,886.76517
United Republic of Tanzania,1920,910.14351
United Republic of Tanzania,1921,828.88346
United Republic of Tanzania,1922,917.99318
United Republic of Tanzania,1923,1094.47606
United Republic of Tanzania,1924,790.07244
United Republic of Tanzania,1925,1081.2903
United Republic of Tanzania,1926,917.86113
United Republic of Tanzania,1927,983.86612
United Republic of Tanzania,1928,910.11537
United Republic of Tanzania,1929,848.07418
United Republic of Tanzania,1930,1217.17026
United Republic of Tanzania,1931,1054.38567
United Republic of Tanzania,1932,1007.9095
United Republic of Tanzania,1933,916.38922
United Republic of Tanzania,1934,1000.59109
United Republic of Tanzania,1935,1020.68921
United Republic of Tanzania,1936,1194.17641
United Republic of Tanzania,1937,1088.13694
United Republic of Tanzania,1938,885.26108
United Republic of Tanzania,1939,905.76233
United Republic of Tanzania,1940,1060.82199
United Republic of Tanzania,1941,1122.57219
United Republic of Tanzania,1942,1063.13228
United Republic of Tanzania,1943,838.65234
United Republic of Tanzania,1944,1105.58092
United Republic of Tanzania,1945,1035.20823
United Republic of Tanzania,1946,857.79434
United Republic of Tanzania,1947,1160.1201
United Republic of Tanzania,1948,922.5502
United Republic of Tanzania,1949,747.4732
United Republic of Tanzania,1950,1003.00913
United Republic of Tanzania,1951,1222.78118
United Republic of Tanzania,1952,937.08524
United Republic of Tanzania,1953,906.71804
United Republic of Tanzania,1954,874.18328
United Republic of Tanzania,1955,995.09042
United Republic of Tanzania,1956,1031.04725
United Republic of Tanzania,1957,1112.05721
United Republic of Tanzania,1958,925.19896
United Republic of Tanzania,1959,915.61415
United Republic of Tanzania,1960,949.89644
United Republic of Tanzania,1961,1300.06445
United Republic of Tanzania,1962,1104.28001
United Republic of Tanzania,1963,1261.55237
United Republic of Tanzania,1964,1015.72768
United Republic of Tanzania,1965,965.08106
United Republic of Tanzania,1966,922.37158
United Republic of Tanzania,1967,1226.8718
United Republic of Tanzania,1968,1270.13221
United Republic of Tanzania,1969,852.81054
United Republic of Tanzania,1970,1049.00044
United Republic of Tanzania,1971,929.56428
United Republic of Tanzania,1972,1095.64851
United Republic of Tanzania,1973,929.68847
United Republic of Tanzania,1974,1000.69195
United Republic of Tanzania,1975,933.12767
United Republic of Tanzania,1976,861.24301
United Republic of Tanzania,1977,1085.87564
United Republic of Tanzania,1978,1199.50553
United Republic of Tanzania,1979,1268.88343
United Republic of Tanzania,1980,1032.08908
United Republic of Tanzania,1981,960.25907
United Republic of Tanzania,1982,1194.30053
United Republic of Tanzania,1983,914.6771
United Republic of Tanzania,1984,1068.55632
United Republic of Tanzania,1985,998.0861
United Republic of Tanzania,1986,1123.46666
United Republic of Tanzania,1987,902.76866
United Republic of Tanzania,1988,1007.36369
United Republic of Tanzania,1989,1179.01511
United Republic of Tanzania,1990,973.45449
United Republic of Tanzania,1991,1069.85058
United Republic of Tanzania,1992,963.27865
United Republic of Tanzania,1993,874.83222
United Republic of Tanzania,1994,1003.20831
United Republic of Tanzania,1995,927.73858
United Republic of Tanzania,1996,945.78383
United Republic of Tanzania,1997,1131.00996
United Republic of Tanzania,1998,998.87685
United Republic of Tanzania,1999,982.43116
United Republic of Tanzania,2000,901.52569
United Republic of Tanzania,2001,943.28586
United Republic of Tanzania,2002,1140.68681
United Republic of Tanzania,2003,795.62828
United Republic of Tanzania,2004,1024.61151
United Republic of Tanzania,2005,788.65696
United Republic of Tanzania,2006,1173.94715
United Republic of Tanzania,2007,936.7039
United Republic of Tanzania,2008,947.69127
United Republic of Tanzania,2009,971.20505
United Republic of Tanzania,2010,911.96883
United Republic of Tanzania,2011,1069.89754
United Republic of Tanzania,2012,802.42659
United Republic of Tanzania,2013,1010.14153
United Republic of Tanzania,2014,1025.83997
United Republic of Tanzania,2015,1012.93845
Zambia,1901,973.43344
Zambia,1902,1020.34409
Zambia,1903,889.27665
Zambia,1904,996.29327
Zambia,1905,890.29703
Zambia,1906,865.24993
Zambia,1907,952.54197
Zambia,1908,944.86436
Zambia,1909,835.40988
Zambia,1910,954.16147
Zambia,1911,904.62604
Zambia,1912,886.14436
Zambia,1913,914.17044
Zambia,1914,934.82994
Zambia,1915,875.07176
Zambia,1916,960.02958
Zambia,1917,986.8374
Zambia,1918,892.99066
Zambia,1919,1021.34046
Zambia,1920,981.66497
Zambia,1921,1025.80761
Zambia,1922,855.93881
Zambia,1923,1090.84746
Zambia,1924,807.84228
Zambia,1925,1138.85056
Zambia,1926,1157.48329
Zambia,1927,927.77373
Zambia,1928,948.46376
Zambia,1929,990.18213
Zambia,1930,927.51255
Zambia,1931,1034.86107
Zambia,1932,1015.75993
Zambia,1933,902.37471
Zambia,1934,1086.99945
Zambia,1935,871.84015
Zambia,1936,1086.97313
Zambia,1937,939.219
Zambia,1938,970.29577
Zambia,1939,1133.14102
Zambia,1940,984.73724
Zambia,1941,1040.51735
Zambia,1942,916.88217
Zambia,1943,997.22306
Zambia,1944,985.88624
Zambia,1945,963.11731
Zambia,1946,922.2117
Zambia,1947,983.91891
Zambia,1948,1032.53462
Zambia,1949,809.41489
Zambia,1950,1014.57462
Zambia,1951,1033.74325
Zambia,1952,1063.16813
Zambia,1953,1072.42152
Zambia,1954,919.48929
Zambia,1955,981.31439
Zambia,1956,1156.84518
Zambia,1957,1038.22604
Zambia,1958,1057.81089
Zambia,1959,998.00235
Zambia,1960,927.44887
Zambia,1961,1227.98444
Zambia,1962,1226.84425
Zambia,1963,1096.39065
Zambia,1964,862.50535
Zambia,1965,897.74839
Zambia,1966,916.72629
Zambia,1967,1074.39328
Zambia,1968,1006.579
Zambia,1969,1179.41181
Zambia,1970,949.02869
Zambia,1971,956.76954
Zambia,1972,861.03618
Zambia,1973,869.94711
Zambia,1974,1160.63052
Zambia,1975,941.0247
Zambia,1976,1123.48118
Zambia,1977,1041.60417
Zambia,1978,1253.58063
Zambia,1979,1100.42776
Zambia,1980,964.87498
Zambia,1981,891.63447
Zambia,1982,968.86887
Zambia,1983,875.46873
Zambia,1984,947.31584
Zambia,1985,945.65763
Zambia,1986,1091.78835
Zambia,1987,794.91132
Zambia,1988,951.16661
Zambia,1989,1036.78173
Zambia,1990,865.41822
Zambia,1991,937.4731
Zambia,1992,768.63454
Zambia,1993,966.12101
Zambia,1994,759.1779
Zambia,1995,769.84955
Zambia,1996,928.82873
Zambia,1997,1039.56688
Zambia,1998,942.92079
Zambia,1999,760.26825
Zambia,2000,1062.30878
Zambia,2001,1046.82728
Zambia,2002,923.99438
Zambia,2003,1032.47404
Zambia,2004,1081.94576
Zambia,2005,812.29431
Zambia,2006,1025.64817
Zambia,2007,952.15845
Zambia,2008,980.05553
Zambia,2009,1086.79976
Zambia,2010,1030.69692
Zambia,2011,972.57349
Zambia,2012,1107.30659
Zambia,2013,985.95522
Zambia,2014,1000.95155
Zambia,2015,875.13798
Zimbabwe,1901,814.65796
Zimbabwe,1902,625.00413
Zimbabwe,1903,524.51738
Zimbabwe,1904,683.62993
Zimbabwe,1905,505.29172
Zimbabwe,1906,662.65837
Zimbabwe,1907,831.54507
Zimbabwe,1908,573.11967
Zimbabwe,1909,645.8417
Zimbabwe,1910,652.26856
Zimbabwe,1911,727.16724
Zimbabwe,1912,478.09447
Zimbabwe,1913,561.22442
Zimbabwe,1914,755.28274
Zimbabwe,1915,723.10966
Zimbabwe,1916,565.03623
Zimbabwe,1917,688.51979
Zimbabwe,1918,901.38262
Zimbabwe,1919,733.28281
Zimbabwe,1920,684.14554
Zimbabwe,1921,822.73441
Zimbabwe,1922,387.19877
Zimbabwe,1923,795.11407
Zimbabwe,1924,654.90644
Zimbabwe,1925,959.51569
Zimbabwe,1926,837.67323
Zimbabwe,1927,558.18775
Zimbabwe,1928,621.64252
Zimbabwe,1929,851.32487
Zimbabwe,1930,661.19815
Zimbabwe,1931,539.94053
Zimbabwe,1932,768.54654
Zimbabwe,1933,579.3004
Zimbabwe,1934,694.31516
Zimbabwe,1935,482.60378
Zimbabwe,1936,773.47117
Zimbabwe,1937,601.56856
Zimbabwe,1938,707.90012
Zimbabwe,1939,999.598
Zimbabwe,1940,707.92391
Zimbabwe,1941,619.49378
Zimbabwe,1942,544.85824
Zimbabwe,1943,768.81953
Zimbabwe,1944,651.38558
Zimbabwe,1945,657.04907
Zimbabwe,1946,690.3536
Zimbabwe,1947,536.47602
Zimbabwe,1948,709.74978
Zimbabwe,1949,556.60888
Zimbabwe,1950,599.50988
Zimbabwe,1951,576.99393
Zimbabwe,1952,784.56418
Zimbabwe,1953,926.31316
Zimbabwe,1954,802.26171
Zimbabwe,1955,816.12759
Zimbabwe,1956,802.668
Zimbabwe,1957,636.55917
Zimbabwe,1958,861.07186
Zimbabwe,1959,661.10844
Zimbabwe,1960,585.4633
Zimbabwe,1961,679.32391
Zimbabwe,1962,828.00292
Zimbabwe,1963,618.52397
Zimbabwe,1964,567.72908
Zimbabwe,1965,411.51861
Zimbabwe,1966,668.62436
Zimbabwe,1967,688.13792
Zimbabwe,1968,525.42081
Zimbabwe,1969,873.12312
Zimbabwe,1970,434.97556
Zimbabwe,1971,603.09854
Zimbabwe,1972,714.38931
Zimbabwe,1973,714.60146
Zimbabwe,1974,940.93033
Zimbabwe,1975,673.37895
Zimbabwe,1976,793.98968
Zimbabwe,1977,897.95232
Zimbabwe,1978,974.872
Zimbabwe,1979,589.33505
Zimbabwe,1980,658.07988
Zimbabwe,1981,817.88971
Zimbabwe,1982,467.21797
Zimbabwe,1983,476.84588
Zimbabwe,1984,571.62987
Zimbabwe,1985,760.69549
Zimbabwe,1986,692.91841
Zimbabwe,1987,479.53353
Zimbabwe,1988,651.36141
Zimbabwe,1989,645.43806
Zimbabwe,1990,615.61182
Zimbabwe,1991,511.5931
Zimbabwe,1992,455.0985
Zimbabwe,1993,662.01077
Zimbabwe,1994,462.07208
Zimbabwe,1995,460.07186
Zimbabwe,1996,694.75225
Zimbabwe,1997,791.74305
Zimbabwe,1998,687.94057
Zimbabwe,1999,688.06286
Zimbabwe,2000,891.8292
Zimbabwe,2001,872.37632
Zimbabwe,2002,444.43636
Zimbabwe,2003,622.41422
Zimbabwe,2004,742.18218
Zimbabwe,2005,571.17003
Zimbabwe,2006,698.72519
Zimbabwe,2007,674.23508
Zimbabwe,2008,549.81939
Zimbabwe,2009,653.30129
Zimbabwe,2010,681.57174
Zimbabwe,2011,714.56697
Zimbabwe,2012,602.3673
Zimbabwe,2013,616.92523
Zimbabwe,2014,655.80004
Zimbabwe,2015,421.37958
,,
,,
,,
,,
